a,b,c,ba_bstb,ba_bsta,bc_bstb,bc_bsta,ca_bstb,ca_bsta,fwd_arb,rev_arb
USDT,XRP,USDC,0.81506,0.81511,0.73813,0.73871,0.99983,0.99984,10.24299852641235,
USDT,XHV,BTC,3.051,3.052,9.39e-05,9.44e-05,39154.7,39154.8,,20.58659752064218
