a,b,c,ba_bstb,ba_bsta,ba_bstbsize,ba_bstasize,bc_bstb,bc_bsta,bc_bstbsize,bc_bstasize,ca_bstb,ca_bsta,ca_bstbsize,ca_bstasize,fwd_arb,rev_arb
USDT,COV,BTC,0.3114,0.3173,22.4791,31.5159,7.21e-06,7.26e-06,4.0,91.3428,37754.0,37754.1,0.001,0.17705602,13.723951956090975,
USDT,XHV,BTC,3.051,3.052,47.6407,5.0583,9.39e-05,9.44e-05,305.8317,0.1308,37754.0,37754.1,0.001,0.17705602,,16.27279490825686
