a,b,c,ba_bstb,ba_bsta,bc_bstb,bc_bsta,ca_bstb,ca_bsta,fwd_arb,rev_arb
USDT,KAT,BTC,0.002145,0.00215,2.3e-08,2.41e-08,39158.5,39158.6,127.51874052435727,
USDT,XHV,BTC,3.051,3.052,9.39e-05,9.44e-05,39158.5,39158.6,,20.598300561926596
