a,b,c,ba_bstb,ba_bsta,ba_bstbsize,ba_bstasize,bc_bstb,bc_bsta,bc_bstbsize,bc_bstasize,ca_bstb,ca_bsta,ca_bstbsize,ca_bstasize,fwd_arb,rev_arb
USDT,ATOM,BTC,11.2829,11.2831,3.3418,0.0001,0.00037413,0.00037478,8.68,8.68,30039.9,30040.0,2.08897127,0.07733538,0.11757604966129431,
USDT,BNB,BTC,301.111,301.112,3.0823,7.0017,0.0099957,0.0099986,1.1,0.0076,30039.9,30040.0,2.08897127,0.07733538,0.15056895255278757,
USDT,DOT,BTC,10.8315,10.8355,11.1909,59.9805,0.00036086,0.00036104,13.0,0.013,30039.9,30040.0,2.08897127,0.07733538,,0.14340374061188044
USDT,LINK,BTC,7.5691,7.5739,49.0,64.949,0.00025106,0.00025129,0.0809,0.0492,30039.9,30040.0,2.08897127,0.07733538,0.16939041335606309,
USDT,LUNA,BTC,0.000193783,0.000194045,372611.7824,5905158.0272,6.5e-09,6.6e-09,92301897.3765,4120153.7816,30039.9,30040.0,2.08897127,0.07733538,,0.7264342549408553
USDT,LUNA,ETH,0.000193783,0.000194045,372611.7824,5905158.0272,9.6e-08,9.65e-08,2615384.6153,22646.79,2041.57,2041.58,2.8e-06,32.4468462,,1.103718580741564
