a,b,c,ba_bstb,ba_bsta,ba_bstbsize,ba_bstasize,bc_bstb,bc_bsta,bc_bstbsize,bc_bstasize,ca_bstb,ca_bsta,ca_bstbsize,ca_bstasize,fwd_arb,rev_arb
BTC,AAVE,KCS,0.004763,0.004769,0.1572,3.5665,6.5451,6.6049,4.4571,0.1504,0.0004617,0.000462,5.043,49.233,55.93308884220613,
USDT,WAVES,BTC,24.9551,24.9884,119.6,36.19999491,0.00110922,0.00111133,39.1383,26.0597,37754.0,37754.1,0.001,0.17705602,,67.75531595412268
